"","year","Coverage","variable","dlm.geomean","dlm.lower","dlm.upper","fixed.effects","lower.whisker","q.25","median","q.75","upper.whisker","N","Ntotal"
"1",1800,0.00202020202020202,"BvB",19.6518128478164,9.04296107959084,42.7065587042288,94.2215627732269,1.97959183810584,1.97959183810584,1.97959183810584,1.97959183810584,1.97959183810584,1,495
"2",1801,0.00202020202020202,"BvB",19.5831283867996,9.04997202157956,42.375701991059,94.2215627717938,1.97959183810584,1.97959183810584,1.97959183810584,1.97959183810584,1.97959183810584,1,495
"3",1802,0.00202020202020202,"BvB",19.509174590466,9.05385660475271,42.0382064590562,94.221562771792,1.97959183810584,1.97959183810584,1.97959183810584,1.97959183810584,1.97959183810584,1,495
"4",1803,0.00202020202020202,"BvB",19.429988766285,9.05463748694735,41.6940450683065,94.2215627717861,1.97959183810584,1.97959183810584,1.97959183810584,1.97959183810584,1.97959183810584,1,495
"5",1804,0.00202020202020202,"BvB",19.3446722842993,9.05198697511162,41.3407958734189,94.1244761838076,1.97755102177789,1.97755102177789,1.97755102177789,1.97755102177789,1.97755102177789,1,495
"6",1805,0.00202020202020202,"BvB",19.2542207224694,9.04628705649932,40.980903360039,94.0273895958203,1.97551020544995,1.97551020544995,1.97551020544995,1.97551020544995,1.97551020544995,1,495
"7",1806,0.00202020202020202,"BvB",19.1586866034098,9.03756888450816,40.6143817057779,93.9303030078405,1.97346938912201,1.97346938912201,1.97346938912201,1.97346938912201,1.97346938912201,1,495
"8",1807,0.00202020202020202,"BvB",19.0571965131899,9.02551337956097,40.2389009543526,93.736129831869,1.96938775646612,1.96938775646612,1.96938775646612,1.96938775646612,1.96938775646612,1,495
"9",1808,0.00202020202020202,"BvB",18.950750483398,9.0105100612585,39.8568939430104,93.5419566559002,1.96530612381023,1.96530612381023,1.96530612381023,1.96530612381023,1.96530612381023,1,495
"10",1809,0.00202020202020202,"BvB",18.8384930565514,8.99224570873652,39.4660946927797,93.2506968919559,1.9591836748264,1.9591836748264,1.9591836748264,1.9591836748264,1.9591836748264,1,495
"11",1810,0.00202020202020202,"BvB",18.7214294343771,8.9711153717878,39.0689346353277,92.9594371279936,1.95306122584256,1.95306122584256,1.95306122584256,1.95306122584256,1.95306122584256,1,495
"12",1811,0.00202020202020202,"BvB",18.599638551067,8.94716351789296,38.6655003609242,92.6681773640478,1.94693877685873,1.94693877685873,1.94693877685873,1.94693877685873,1.94693877685873,1,495
"13",1812,0.00202020202020202,"BvB",18.4732016214428,8.9204359750353,38.2558855981393,92.3769176000915,1.9408163278749,1.9408163278749,1.9408163278749,1.9408163278749,1.9408163278749,1,495
"14",1813,0.00202020202020202,"BvB",18.3412914274158,8.89062764500737,37.8379327824292,91.9885712481594,1.93265306256312,1.93265306256312,1.93265306256312,1.93265306256312,1.93265306256312,1,495
"15",1814,0.00202020202020202,"BvB",18.2049171399605,8.8581415918818,37.4140562820267,91.6002248962233,1.92448979725135,1.92448979725135,1.92448979725135,1.92448979725135,1.92448979725135,1,495
"16",1815,0.00202020202020202,"BvB",18.0641732131281,8.82302982337372,36.9843874957139,91.2118785442943,1.91632653193957,1.91632653193957,1.91632653193957,1.91632653193957,1.91632653193957,1,495
"17",1816,0.00202020202020202,"BvB",17.9191560620771,8.78534537992294,36.5490643897591,90.8235321923631,1.90816326662779,1.90816326662779,1.90816326662779,1.90816326662779,1.90816326662779,1,495
"18",1817,0.00202020202020202,"BvB",17.7699640092479,8.74514226143334,36.1082314558266,90.4351858404274,1.90000000131602,1.90000000131602,1.90000000131602,1.90000000131602,1.90000000131602,1,495
"19",1818,0.00202020202020202,"BvB",17.6166972306032,8.70247535650411,35.6620396612548,90.0468394884949,1.89183673600424,1.89183673600424,1.89183673600424,1.89183673600424,1.89183673600424,1,495
"20",1819,0.00202020202020202,"BvB",17.4585673766129,8.65704868760861,35.2084856909739,89.5614065485721,1.88163265436452,1.88163265436452,1.88163265436452,1.88163265436452,1.88163265436452,1,495
"21",1820,0.00202020202020202,"BvB",17.2974690914326,8.60962483513,34.7520876575509,89.1730601966453,1.87346938905274,1.87346938905274,1.87346938905274,1.87346938905274,1.87346938905274,1,495
"22",1821,0.00202020202020202,"BvB",17.1317309169631,8.55955778278917,34.2887111296062,88.6876272567242,1.86326530741302,1.86326530741302,1.86326530741302,1.86326530741302,1.86326530741302,1,495
"23",1822,0.00202020202020202,"BvB",16.9632349522805,8.50761036366032,33.8228160136928,88.2992809047946,1.85510204210124,1.85510204210124,1.85510204210124,1.85510204210124,1.85510204210124,1,495
"24",1823,0.00202020202020202,"BvB",16.7903293747178,8.45313906419578,33.3503516706114,87.813847964876,1.84489796046152,1.84489796046152,1.84489796046152,1.84489796046152,1.84489796046152,1,495
"25",1824,0.00202020202020202,"BvB",16.6140127375733,8.39655628701377,32.8736460292837,87.3284150249634,1.8346938788218,1.8346938788218,1.8346938788218,1.8346938788218,1.8346938788218,1,495
"26",1825,0.00202020202020202,"BvB",16.4352669106442,8.33827309568608,32.3949570042105,86.9400686730267,1.82653061351003,1.82653061351003,1.82653061351003,1.82653061351003,1.82653061351003,1,495
"27",1826,0.00202020202020202,"BvB",16.2524714801648,8.27765006598505,31.9103643072566,86.454635733114,1.81632653187031,1.81632653187031,1.81632653187031,1.81632653187031,1.81632653187031,1,495
"28",1827,0.00202020202020202,"BvB",16.066615389052,8.21509940481343,31.4221553921155,85.9692027931969,1.80612245023058,1.80612245023058,1.80612245023058,1.80612245023058,1.80612245023058,1,495
"29",1828,0.00202020202020202,"BvB",15.877819733004,8.15068376632089,30.9305533991499,85.4837698532816,1.79591836859086,1.79591836859086,1.79591836859086,1.79591836859086,1.79591836859086,1,495
"30",1829,0.00202020202020202,"BvB",15.6853628206385,8.08411919441809,30.4338173273035,84.9012503253803,1.7836734706232,1.7836734706232,1.7836734706232,1.7836734706232,1.7836734706232,1,495
"31",1830,0.00202020202020202,"BvB",15.4910664565553,8.01616536490403,29.9361513937888,84.4158173854643,1.77346938898348,1.77346938898348,1.77346938898348,1.77346938898348,1.77346938898348,1,495
"32",1831,0.00202020202020202,"BvB",15.2942050904926,7.94653778371508,29.4358015674962,83.9303844455432,1.76326530734376,1.76326530734376,1.76326530734376,1.76326530734376,1.76326530734376,1,495
"33",1832,0.00202020202020202,"BvB",15.0949031853281,7.87529955320337,28.9330076443562,83.4449515056238,1.75306122570404,1.75306122570404,1.75306122570404,1.75306122570404,1.75306122570404,1,495
"34",1833,0.00202020202020202,"BvB",14.8924650850044,7.80217020288497,28.4261315173649,82.8624319777251,1.74081632773637,1.74081632773637,1.74081632773637,1.74081632773637,1.74081632773637,1,495
"35",1834,0.00202020202020202,"BvB",14.6886701284974,7.72790327111088,27.9192198161142,82.3769990378047,1.73061224609665,1.73061224609665,1.73061224609665,1.73061224609665,1.73061224609665,1,495
"36",1835,0.00202020202020202,"BvB",14.4820087749066,7.65187533623283,27.408781369369,81.7944795099045,1.71836734812899,1.71836734812899,1.71836734812899,1.71836734812899,1.71836734812899,1,495
"37",1836,0.00202020202020202,"BvB",14.2742371019538,7.57483623121091,26.8987788809557,81.3090465699674,1.70816326648926,1.70816326648926,1.70816326648926,1.70816326648926,1.70816326648926,1,495
"38",1837,0.00202020202020202,"BvB",14.0638710509188,7.49616589698912,26.38581798414,80.7265270420719,1.6959183685216,1.6959183685216,1.6959183685216,1.6959183685216,1.6959183685216,1,495
"39",1838,0.00202020202020202,"BvB",13.8518522421735,7.41627095108637,25.8720065386635,80.1440075141725,1.68367347055393,1.68367347055393,1.68367347055393,1.68367347055393,1.68367347055393,1,495
"40",1839,0.00202020202020202,"BvB",13.6390965436701,7.33555388110026,25.3593603895185,79.6585745742524,1.67346938891421,1.67346938891421,1.67346938891421,1.67346938891421,1.67346938891421,1,495
"41",1840,0.00202020202020202,"BvB",13.4241593124967,7.25339980602671,24.8446325952641,79.0760550463515,1.66122449094655,1.66122449094655,1.66122449094655,1.66122449094655,1.66122449094655,1,495
"42",1841,0.00202020202020202,"BvB",13.2079628517436,7.17021152637369,24.3298655906275,78.4935355184497,1.64897959297888,1.64897959297888,1.64897959297888,1.64897959297888,1.64897959297888,1,495
"43",1842,0.00202020202020202,"BvB",12.990639857412,7.08605256318047,23.8153361692305,77.9110159905524,1.63673469501122,1.63673469501122,1.63673469501122,1.63673469501122,1.63673469501122,1,495
"44",1843,0.00202020202020202,"BvB",12.7723226864303,7.00098601918061,23.3013216080375,77.3284964626587,1.62448979704355,1.62448979704355,1.62448979704355,1.62448979704355,1.62448979704355,1,495
"45",1844,0.00202020202020202,"BvB",12.5523953701451,6.91474198776324,22.786479930455,76.6488903467697,1.61020408274795,1.61020408274795,1.61020408274795,1.61020408274795,1.61020408274795,1,495
"46",1845,0.00202020202020202,"BvB",12.3324975210782,6.82805114126258,22.2743637914929,76.0663708188722,1.59795918478028,1.59795918478028,1.59795918478028,1.59795918478028,1.59795918478028,1,495
"47",1846,0.00202020202020202,"BvB",12.1120045101309,6.74064137574961,21.7636045408389,75.483851290977,1.58571428681262,1.58571428681262,1.58571428681262,1.58571428681262,1.58571428681262,1,495
"48",1847,0.00202020202020202,"BvB",11.8903203329573,6.65224453107729,21.2529345486105,74.80424517509,1.57142857251701,1.57142857251701,1.57142857251701,1.57142857251701,1.57142857251701,1,495
"49",1848,0.00202020202020202,"BvB",11.6683197456915,6.56325475338141,20.744232976413,74.1246390592055,1.5571428582214,1.5571428582214,1.5571428582214,1.5571428582214,1.5571428582214,1,495
"50",1849,0.00202020202020202,"BvB",11.4468476408538,6.47406164889831,20.2392760555836,73.5421195313077,1.54489796025373,1.54489796025373,1.54489796025373,1.54489796025373,1.54489796025373,1,495
"51",1850,0.00202020202020202,"BvB",11.2246005332757,6.38406872418848,19.7353228129025,72.8625134154248,1.53061224595812,1.53061224595812,1.53061224595812,1.53061224595812,1.53061224595812,1,495
"52",1851,0.00202020202020202,"BvB",11.002428122448,6.29366522329358,19.2341696443595,72.1829072995427,1.51632653166251,1.51632653166251,1.51632653166251,1.51632653166251,1.51632653166251,1,495
"53",1852,0.00202020202020202,"BvB",10.780459785452,6.20291132856247,18.736091333532,71.5033011836613,1.5020408173669,1.5020408173669,1.5020408173669,1.5020408173669,1.5020408173669,1,495
"54",1853,0.00202020202020202,"BvB",10.5588233710324,6.11186652054287,18.2413589377206,70.8236950677806,1.4877551030713,1.4877551030713,1.4877551030713,1.4877551030713,1.4877551030713,1,495
"55",1854,0.00202020202020202,"BvB",10.3369711974957,6.02026697249006,17.748876258499,70.0470023639139,1.47142857244774,1.47142857244774,1.47142857244774,1.47142857244774,1.47142857244774,1,495
"56",1855,0.00202020202020202,"BvB",10.1163879363498,5.92881904100882,17.2616678247124,69.3673962480329,1.45714285815213,1.45714285815213,1.45714285815213,1.45714285815213,1.45714285815213,1,495
"57",1856,0.00202020202020202,"BvB",9.89585549557495,5.83693538906362,16.7772897011647,68.5907035442105,1.44081632752858,1.44081632752858,1.44081632752858,1.44081632752858,1.44081632752858,1,495
"58",1857,0.00202020202020202,"BvB",9.67617299344725,5.74499725977214,16.2973661370957,67.8140108403411,1.42448979690503,1.42448979690503,1.42448979690503,1.42448979690503,1.42448979690503,1,495
"59",1858,0.00202020202020202,"BvB",9.45746334310072,5.65306251378448,15.8221517395206,67.0373181364767,1.40816326628147,1.40816326628147,1.40816326628147,1.40816326628147,1.40816326628147,1,495
"60",1859,0.00202020202020202,"BvB",9.23984707389039,5.56118823883164,15.351894286322,66.2606254326128,1.39183673565792,1.39183673565792,1.39183673565792,1.39183673565792,1.39183673565792,1,495
"61",1860,0.00202020202020202,"BvB",9.0234422438495,5.46943076879591,14.8868343654001,65.4839327287443,1.37551020503437,1.37551020503437,1.37551020503437,1.37551020503437,1.37551020503437,1,495
"62",1861,0.00202020202020202,"BvB",8.80836435397887,5.3778457102318,14.4272050134925,64.7072400248781,1.35918367441081,1.35918367441081,1.35918367441081,1.35918367441081,1.35918367441081,1,495
"63",1862,0.00202020202020202,"BvB",8.59411147945235,5.28616966049859,13.9720737064441,63.8334607330288,1.34081632745932,1.34081632745932,1.34081632745932,1.34081632745932,1.34081632745932,1,495
"64",1863,0.00202020202020202,"BvB",8.38142724116388,5.19477765724502,13.5228737847809,62.9596814411841,1.32244898050782,1.32244898050782,1.32244898050782,1.32244898050782,1.32244898050782,1,495
"65",1864,0.00202020202020202,"BvB",8.17042289892783,5.10372524774525,13.0798205441831,62.0859021493306,1.30408163355632,1.30408163355632,1.30408163355632,1.30408163355632,1.30408163355632,1,495
"66",1865,0.00202020202020202,"BvB",7.96120651409744,5.01306737745218,12.643119349479,61.2121228574785,1.28571428660482,1.28571428660482,1.28571428660482,1.28571428660482,1.28571428660482,1,495
"67",1866,0.00202020202020202,"BvB",7.75329519117729,4.92253910562833,12.2119063011201,60.2412569776507,1.26530612332538,1.26530612332538,1.26530612332538,1.26530612332538,1.26530612332538,1,495
"68",1867,0.00202020202020202,"BvB",7.54739527690939,4.83251474816748,11.787480935783,59.2703910978162,1.24489796004594,1.24489796004594,1.24489796004594,1.24489796004594,1.24489796004594,1,495
"69",1868,0.00202020202020202,"BvB",7.34360847543985,4.74304979340896,11.3700230420293,58.2995252179865,1.2244897967665,1.2244897967665,1.2244897967665,1.2244897967665,1.2244897967665,1,495
"70",1869,0.00202020202020202,"BvB",7.14146294932745,4.65387676681886,10.95871154566,57.2315727501695,1.20204081715911,1.20204081715911,1.20204081715911,1.20204081715911,1.20204081715911,1,495
"71",1870,0.00202020202020202,"BvB",6.94220231945722,4.56569738419893,10.5557090163419,56.2607068703369,1.18163265387967,1.18163265387967,1.18163265387967,1.18163265387967,1.18163265387967,1,495
"72",1871,0.00202020202020202,"BvB",6.74478245990896,4.47791952667431,10.1592023171711,55.1927544025203,1.15918367427228,1.15918367427228,1.15918367427228,1.15918367427228,1.15918367427228,1,495
"73",1872,0.00404040404040404,"BvB",6.54930928023408,4.39237331201721,9.76543863674039,17.8189137580595,1.13469387833695,1.13469387833695,1.40829685269062,1.68189982704428,1.68189982704428,2,495
"74",1873,0.00404040404040404,"BvB",6.37101761100055,4.30712522324196,9.42388792892521,17.6257456054967,1.11020408240163,1.11020408240163,1.39605195472295,1.68189982704428,1.68189982704428,2,495
"75",1874,0.00404040404040404,"BvB",6.19512637246415,4.22265738871079,9.08896631618942,17.4304368500117,1.08571428646629,1.08571428646629,1.38380705675529,1.68189982704428,1.68189982704428,2,495
"76",1875,0.00404040404040404,"BvB",6.01976710220254,4.13784958038881,8.75759141572153,17.1734976052816,1.05918367420302,1.05918367420302,1.36635792020812,1.67353216621322,1.67353216621322,2,495
"77",1876,0.00808080808080808,"BvB",5.84689941208631,4.056947727997,8.42658940344142,8.50285542290353,1.03265306193975,1.34890878366095,2.65488503118123,3.98763673895639,4.33066792093247,4,495
"78",1877,0.00808080808080808,"BvB",5.70775383198356,3.98241129787007,8.18058491948007,8.43285800476438,1.00408163334853,1.33043923894981,2.6507012007657,3.98763673895639,4.33066792093247,4,495
"79",1878,0.00808080808080808,"BvB",5.57165185412098,3.90932703417037,7.94083076503671,8.36790042513127,0.973469388429366,1.31513311649022,2.6507012007657,3.98763673895639,4.33066792093247,4,495
"80",1879,0.00808080808080808,"BvB",5.43659570887578,3.83647812475552,7.70409003795635,8.29089875168215,0.942857143510204,1.29564316361511,2.64651737035017,3.98763673895639,4.33066792093247,4,495
"81",1880,0.00808080808080808,"BvB",5.30317168174225,3.7643090204264,7.47112676813318,8.20779982459459,0.910204082263097,1.27513280257602,2.64233353993463,3.98763673895639,4.33066792093247,4,495
"82",1881,0.00808080808080808,"BvB",5.17135995525264,3.69287200086446,7.24177923863332,8.11905951618951,0.87755102101599,1.25462244153694,2.63473075496283,3.98421778440013,4.33066792093247,4,495
"83",1882,0.00808080808080808,"BvB",5.03980175047562,3.62131206975408,7.01392235599899,8.01216118644765,0.840816327112995,1.22788743375437,2.62636309413177,3.98421778440013,4.33066792093247,4,495
"84",1883,0.00808080808080808,"BvB",4.91064068455891,3.55112968975284,6.79062553035722,7.90798936252691,0.802040816882056,1.20431584822337,2.62217926371624,3.98421778440013,4.33066792093247,4,495
"85",1884,0.00808080808080808,"BvB",4.78163366029094,3.48085427032406,6.5685083848968,7.78513593379569,0.761224490323173,1.17554002411286,2.61381160288517,3.98421778440013,4.33066792093247,4,495
"86",1885,0.00808080808080808,"BvB",4.65411769549951,3.41145158005189,6.34944129068724,7.65679583666595,0.718367347436346,1.14992762225392,2.60620881791337,3.97762385336224,4.32431796796923,4,495
"87",1886,0.0101010101010101,"BvB",4.52721866996087,3.34339730773513,6.13020439964594,6.42468305933779,0.673469388221574,1.56475257540936,2,3.63092973875525,4.32431796796923,5,495
"88",1887,0.0101010101010101,"BvB",4.41054037809474,3.27770626720689,5.93490228866083,6.31257053968503,0.624489796350914,1.54801725374722,2,3.62409182964272,4.32431796796923,5,495
"89",1888,0.0101010101010101,"BvB",4.29353480671166,3.21173074230379,5.73972185576848,6.18359798160038,0.571428571824366,1.53128193208509,1.99637023593466,3.61725392053018,4.32431796796923,5,495
"90",1889,0.0101010101010101,"BvB",4.17763796123398,3.14655806530346,5.54658727820425,6.04826732095558,0.514285714641929,1.52291427125403,1.99637023593466,3.61725392053018,4.32431796796923,5,495
"91",1890,0.0101010101010101,"BvB",4.05815503874273,3.07874562142956,5.34913381730645,5.87236782932158,0.45102040847566,1.50617894959189,1.98911070780399,3.61041601141765,4.32431796796923,5,495
"92",1891,0.0101010101010101,"BvB",3.93575645725105,3.00871646024315,5.1484342560952,5.66090876868378,0.381632653325559,1.48944362792976,1.98185117967332,3.60357810230512,4.32431796796923,5,495
"93",1892,0.0202020202020202,"BvB",3.8094365634152,2.93951946926671,4.93679565058457,3.72117544108368,0.306122449191625,1.97822141560799,2.25240968434704,3.59674019319258,4.32431796796923,10,495
"94",1893,0.0202020202020202,"BvB",3.71648357212499,2.87926734232209,4.79714055685274,3.59530584040607,0.22040816341797,1.97459165154265,2.25240968434704,3.59674019319258,4.32431796796923,10,495
"95",1894,0.0202020202020202,"BvB",3.67300893924006,2.85782241416024,4.72072533299857,3.60788005520492,0.232653061385635,1.97096188747731,2.25240968434704,3.58990228408005,4.32431796796923,10,495
"96",1895,0.0202020202020202,"BvB",3.63095887437299,2.83802215250488,4.64544025343556,3.61921004456616,0.242857143025355,1.96733212341198,2.25240968434704,3.58306437496752,4.32431796796923,10,495
"97",1896,0.0222222222222222,"BvB",3.54639536799428,2.78588543112401,4.51451447558521,3.49974194610832,1.42250234128123,1.98366606170599,2,3.07258114681245,4.32431796796923,11,495
"98",1897,0.0222222222222222,"BvB",3.42090183130278,2.69849586407542,4.33670086184117,3.26070595891923,1.4057670196191,1.98185117967332,2,3.06677913490204,4.31796801500598,11,495
"99",1898,0.0222222222222222,"BvB",3.37521053269846,2.67533954806977,4.25816833166386,3.23498293986255,1.39739935878803,1.98185117967332,2,3.06097712299162,4.31796801500598,11,495
"100",1899,0.0222222222222222,"BvB",3.3349542976097,2.65737186958218,4.18530815895711,3.21857356061664,1.3806640371259,1.98003629764065,2,3.05517511108121,4.31796801500598,11,495
"101",1900,0.0323232323232323,"BvB",3.30125657452064,2.64878079014245,4.11445711603399,3.01759406936166,1.36392871546377,1.97822141560799,2,2.52972842616956,2.55463748364504,16,495
"102",1901,0.0343434343434343,"BvB",3.28634860867231,2.64617734307921,4.08139205256551,2.95066386605602,1.34719339380164,2,2,2.50481936869408,2.54987136893674,17,495
"103",1902,0.0343434343434343,"BvB",3.27841737685149,2.64791106112495,4.05905645950041,2.95411150660554,1.32209041130844,2,2,2.50481936869408,2.54987136893674,17,495
"104",1903,0.0343434343434343,"BvB",3.27040767919354,2.65014974534212,4.03583473233033,2.95306763094868,1.29698742881524,1.99733333333333,2,2.50481936869408,2.54510525422845,17,495
"105",1904,0.0343434343434343,"BvB",3.26188481381353,2.6526518056864,4.01104001504417,2.94671849185311,1.28025210715311,1.99466666666667,2,2.50481936869408,2.54033913952016,17,495
"106",1905,0.0383838383838384,"BvB",3.25893964561594,2.66168779646421,3.99020787782694,2.95715643103935,1.25514912465991,1.996,2,2.52019619675297,2.7464511041012,19,495
"107",1906,0.0383838383838384,"BvB",3.25532485198096,2.66744837951361,3.97276287455549,2.94899594041691,1.24678146382885,1.99333333333333,2,2.51781313939883,2.7464511041012,19,495
"108",1907,0.0383838383838384,"BvB",3.25381175376467,2.67574922660466,3.95675754053068,2.94071874326508,1.23004614216671,1.992,2,2.51543008204468,2.7464511041012,19,495
"109",1908,0.0383838383838384,"BvB",3.25664743870378,2.68860298087974,3.94470757320427,2.93646679731709,1.22167848133565,1.98327272727273,2,2.51304702469053,2.7464511041012,19,495
"110",1909,0.0383838383838384,"BvB",3.25059026828961,2.69525713633232,3.9203447232785,2.9116014523983,1.21331082050458,1.98060606060606,2,2.51066396733639,2.7464511041012,19,495
"111",1910,0.0505050505050505,"BvB",3.26405514550431,2.72256997802244,3.91323495039486,3.98483101566339,1.88915662650602,2,2,2.50481936869408,3.21874730271306,25,495
"112",1911,0.0505050505050505,"BvB",3.23049352835694,2.70267854263759,3.86138723940559,3.97975148340955,1.87951807228916,1.98787878787879,2,2.50221022185381,3.21874730271306,25,495
"113",1912,0.0505050505050505,"BvB",3.19440559326307,2.68144558512335,3.80549474913209,3.97143151697768,1.21331082050458,1.97604790419162,2,2.50091237676082,3.21874730271306,25,495
"114",1913,0.0505050505050505,"BvB",3.15546959545294,2.65871254609035,3.74504132929668,3.95920424264985,1.21331082050458,1.96407185628743,2,2.50091237676082,3.21874730271306,25,495
"115",1914,0.0545454545454545,"BvB",3.11608999301942,2.63757378740146,3.68141998186981,3.79726201251724,1.22167848133565,1.95461933276305,2,2.48964601253658,3.21874730271306,27,495
"116",1915,0.0646464646464646,"BvB",3.08275305003118,2.62223168435271,3.62415206260556,3.59657764722004,1.23004614216671,1.92828571428571,2,2.4577823254963,3.21874730271306,32,495
"117",1916,0.0868686868686869,"BvB",3.04988183779052,2.60708580662544,3.56788380376499,3.27688904078637,1.23004614216671,1.91522668947819,2,2.49694042455815,3.21874730271306,43,495
"118",1917,0.0909090909090909,"BvB",3.03395006053319,2.59660919914678,3.54495122825335,3.25386163483492,1.23841380299778,1.90933333333333,2,2.49296847235548,3.21497827776843,45,495
"119",1918,0.0909090909090909,"BvB",3.02076101334553,2.58681120880016,3.52750794828229,3.24640600839882,1.24678146382885,1.8984375,2,2.48850078692115,3.21497827776843,45,495
"120",1919,0.0909090909090909,"BvB",3.00912484121211,2.57843637348728,3.51175324824996,3.24121069868594,1.24678146382885,1.8887171561051,2,2.48850078692115,3.21497827776843,45,495
"121",1920,0.0909090909090909,"BvB",2.99685084489852,2.56963277532157,3.49509668183814,3.23491443579704,1.25514912465991,1.8887171561051,2,2.48403310148682,3.21120925282381,45,495
"122",1921,0.0909090909090909,"BvB",2.98101384594968,2.55792137278142,3.47408784503832,3.2229728529815,1.25514912465991,1.87234042553191,2,2.48403310148682,3.21120925282381,45,495
"123",1922,0.0909090909090909,"BvB",2.96673211949489,2.54769758174472,3.45468768817341,3.21342998324994,1.25514912465991,1.8515625,2,2.48403310148682,3.41895455626671,45,495
"124",1923,0.0909090909090909,"BvB",2.95111029189227,2.53651175859299,3.43347588490715,3.20178442727422,1.26351678549098,1.84,2,2.4839748247105,3.44802445904154,45,495
"125",1924,0.0909090909090909,"BvB",2.9360494275858,2.52601726843572,3.41263947358729,3.19105693884723,1.25514912465991,1.83466666666667,2,2.47956541605249,3.40527873804165,45,495
"126",1925,0.0909090909090909,"BvB",2.9178053337932,2.51304069814399,3.38776366502929,3.17538042704272,1.25514912465991,1.81,2,2.47956541605249,3.39844082892911,45,495
"127",1926,0.0909090909090909,"BvB",2.89372051402935,2.49533346122407,3.35571118787733,3.15056583845652,1.25514912465991,1.78723404255319,2,2.47702664338263,3.38476501070405,45,495
"128",1927,0.0929292929292929,"BvB",2.86776067051016,2.47672696678943,3.32053204636669,3.11714477110278,1.25514912465991,1.78571428571429,1.9972602739726,2.4735525527187,3.37792710159151,46,495
"129",1928,0.096969696969697,"BvB",2.84199996193195,2.45858411813836,3.28520945207159,3.08079548499354,1.24678146382885,1.78280374605666,1.99612648712453,2.4765589843856,3.36425128336645,48,495
"130",1929,0.096969696969697,"BvB",2.81772825480047,2.44042042596027,3.25337078539521,3.05429999275193,1.24678146382885,1.78445010332915,1.99612648712453,2.47482193905363,3.35057546514138,48,495
"131",1930,0.098989898989899,"BvB",2.7935672136641,2.42302199878304,3.22077875528104,3.02761235241108,1.24678146382885,1.80846463497046,1.99546485260771,2.47509773061817,3.33006173780378,49,495
"132",1931,0.103030303030303,"BvB",2.76400395199445,2.40124870406854,3.18156042466431,3.03816957549071,1.24678146382885,1.80423231748523,2,2.57700489987769,3.66666666666381,51,495
"133",1932,0.103030303030303,"BvB",2.7411210141606,2.38403276796652,3.15169510890647,3.01806797607897,1.2008281573499,1.80423231748523,2,2.58022613453217,3.65476190475906,51,495
"134",1933,0.103030303030303,"BvB",2.71517340669456,2.3644298676293,3.11794683756598,2.99353505331353,1.14699792960663,1.80078404162316,2,2.56821229326682,3.64285714285431,51,495
"135",1934,0.103030303030303,"BvB",2.69138804609531,2.34700009357468,3.08630989597966,2.97263102954931,1.11801242236025,1.80259892365583,2,2.5484301115431,3.64285714285431,51,495
"136",1935,0.107070707070707,"BvB",2.67299077666819,2.33530822869265,3.0595017841191,2.99672027927695,1.09730848861284,1.776,1.99546485260771,2.49337950815611,3.52018454304477,53,495
"137",1936,0.107070707070707,"BvB",2.64754216281398,2.31645730036963,3.02594807284351,2.97738004922371,1.06832298136646,1.768,1.99452054794521,2.49337950815611,3.52018454304477,53,495
"138",1937,0.107070707070707,"BvB",2.61648558100737,2.29307869281867,2.98550451716261,2.94996468994103,1,1.76266666666667,1.99452054794521,2.45743179677546,3.38523404998177,53,495
"139",1938,0.107070707070707,"BvB",2.58689305166263,2.27137200300996,2.94624379092121,2.9254811316989,0.927536231884058,1.75466666666667,1.99452054794521,2.44829161801219,3.38523404998177,53,495
"140",1939,0.107070707070707,"BvB",2.55760707719758,2.25039509543467,2.90675800645026,2.90217216796662,0.819875776397516,1.752,1.99452054794521,2.44382393257786,3.38523404998177,53,495
"141",1940,0.117171717171717,"BvB",2.5275726045031,2.23088917891732,2.86371162288529,2.85443886970594,0.716356107660455,1.7568058076225,1.99612648712453,2.48584663955141,3.52018454304477,58,495
"142",1941,0.117171717171717,"BvB",2.49264921484315,2.20441626250236,2.81856934824328,2.8231659289366,0.782,1.76043557168784,1.99504788459207,2.47485130066259,3.51211072528549,58,495
"143",1942,0.117171717171717,"BvB",2.46796603428913,2.18743792275385,2.78447049081824,2.80827436458367,0.734,1.76266666666667,1.98951691114074,2.47485130066259,3.48841220054714,58,495
"144",1943,0.117171717171717,"BvB",2.43687151755021,2.16538292622875,2.74239845577324,2.7843590958057,0.65424430641822,1.69133858267717,1.98950833598811,2.48584663955141,3.60714285714005,58,495
"145",1944,0.121212121212121,"BvB",2.41444265018663,2.15224357274693,2.7085843743977,2.73148528692032,0.651,1.68366560562908,1.98362737236033,2.46036760063031,3.5952380952353,60,495
"146",1945,0.141414141414141,"BvB",2.39010588326042,2.13981573779132,2.66967198731445,2.66600226827739,0.587991718426501,1.65000000000019,1.99547638264345,2.40276825307047,3.47942144745295,70,495
"147",1946,0.147474747474747,"BvB",2.37221354552346,2.12926856793479,2.64287802408274,2.64624305553164,0.99471830982988,1.68985507246396,1.96551724137931,2.42595319084055,3.48809523809252,73,495
"148",1947,0.151515151515152,"BvB",2.34043746864441,2.10590300781247,2.60109203715161,2.61690413908916,0.96875,1.64974537537735,1.94827586206897,2.36880507222559,3.44345843507618,75,495
"149",1948,0.151515151515152,"BvB",2.30242927388076,2.07650454942758,2.55293472036189,2.58092018942896,0.505,1.61521346528932,1.94188034188034,2.36880507222559,3.45244918817037,75,495
"150",1949,0.153535353535354,"BvB",2.25593570989872,2.04026798641673,2.49440071651292,2.53227886437896,0.468,1.57695935175345,1.90959507263398,2.36536944847665,3.5205371882058,76,495
"151",1950,0.18989898989899,"BvB",2.22059085551973,2.01851766308881,2.4428935340958,2.39371645629368,0.434,1.56,1.94022340190223,2.36370913927169,3.56127886322912,94,495
"152",1951,0.206060606060606,"BvB",2.18671297300135,1.9930491358456,2.39919505259144,2.31937988467263,0.390062111801242,1.51965993623804,1.9079701120797,2.30245746681655,3.34283388251541,102,495
"153",1952,0.216161616161616,"BvB",2.14006197708269,1.95443313370952,2.34332154258073,2.27510295120313,0.361,1.4544997068474,1.89393939393939,2.36439718020587,3.59605961148149,107,495
"154",1953,0.216161616161616,"BvB",2.11287351688019,1.93203553191982,2.31063788661156,2.24900104824927,0.33,1.4746470326597,1.88990825688073,2.35807693707124,3.66477412635056,107,495
"155",1954,0.218181818181818,"BvB",2.10029245960642,1.92346766210906,2.29337279891815,2.23348002414531,0.301,1.47956561272504,1.90460014154282,2.33990951864377,3.55024993490211,108,495
"156",1955,0.224242424242424,"BvB",2.04540050211596,1.87684227365017,2.22909685741446,2.20729320730879,0.274,1.42960958662127,1.88571428571429,2.2757689127771,3.52437521292392,111,495
"157",1956,0.238383838383838,"BvB",1.99506687623297,1.8350781189511,2.16900403287303,2.15663624727996,0.0200408163404117,1.34023018605655,1.86197691197691,2.2400266843098,3.52437521292392,118,495
"158",1957,0.252525252525253,"BvB",1.9249094870629,1.77451122776777,2.08805471354824,2.04206760179739,0.0214285714434137,1.19225806451613,1.78681913665975,2.15563086548496,3.48841220054714,125,495
"159",1958,0.254545454545455,"BvB",1.89846779896809,1.75254681885646,2.05653848726877,2.02375881999424,0.0226530612401802,1.15180722891566,1.79486380248549,2.15070046683732,3.48153542003304,126,495
"160",1959,0.258585858585859,"BvB",1.88435551349495,1.74230931204436,2.03798239307604,2.00500134692376,0.0242857143025355,1.1665485471297,1.76858805370887,2.10166317105421,3.48841220054714,128,495
"161",1960,0.278787878787879,"BvB",1.84647085256741,1.71165120001997,1.99190968892565,1.93242616250373,0.0263265306304797,1.16568047337278,1.72141107300343,2,3.23712255772322,138,495
"162",1961,0.288888888888889,"BvB",1.80846455769227,1.67937784008192,1.94747362884671,1.86241722871393,0.0285714285912183,1.15997625339921,1.69230769230769,2,3.19271758436625,143,495
"163",1962,0.292929292929293,"BvB",1.78317590018996,1.65820665415104,1.91756334052718,1.84147932116945,0.0308163265519569,1.13433703368402,1.72038206919846,2.00997652558395,3.29960638556908,145,495
"164",1963,0.307070707070707,"BvB",1.76229172558933,1.6420476158113,1.89134108912316,1.84228815645489,0.031836734715929,1.10092112091334,1.68049566783344,2,3.3212015520052,152,495
"165",1964,0.313131313131313,"BvB",1.74697394385282,1.63017262703865,1.87214403547234,1.80928092091602,0.0324489796143122,1.05601528689097,1.67785234899329,1.97942972683007,3.1053494649435,155,495
"166",1965,0.331313131313131,"BvB",1.73106472235189,1.6187603666987,1.85116039076399,1.78784008771781,0.031836734715929,1.11737704918033,1.63576906091369,1.98771850512357,3.07485503484586,164,495
"167",1966,0.335353535353535,"BvB",1.67991497938304,1.5729482289123,1.7941558953323,1.73485079747808,0.0297959183879848,1.04587155963303,1.57615894039735,1.9746835443038,3.29411764578501,166,495
"168",1967,0.339393939393939,"BvB",1.63346468553855,1.53153285194094,1.74218063655642,1.66184989478166,0.0281632653256295,0.981174591117838,1.54031510658017,1.97413609830035,3.03391950233887,168,495
"169",1968,0.349494949494949,"BvB",1.59347754928171,1.49663893795031,1.69658201165227,1.63097537062203,0.0212244898106193,1.03829787234043,1.50371163222618,1.95897435897436,2.98129873120144,173,495
"170",1969,0.351515151515152,"BvB",1.55911379895743,1.46635680929053,1.65773829582146,1.58805061614688,0.0185918367475713,0.976525821596244,1.46727828746177,1.94827586206897,3.04160313031551,174,495
"171",1970,0.37979797979798,"BvB",1.56844379343476,1.47917724343776,1.66309747129877,1.57888089547974,0.017653061236717,0.938004246284501,1.49816369359916,1.91182200972546,3.20667736055674,188,495
"172",1971,0.387878787878788,"BvB",1.56704072893882,1.48016709336325,1.65901313247914,1.58005435137817,0.0172040816445693,0.882645785738093,1.54115987460815,1.93296040925206,3.47981545424838,192,495
"173",1972,0.4,"BvB",1.55855458287795,1.47480840547241,1.64705624052352,1.58452581110981,0.0170000000117749,0.9169600937883,1.51166333794242,1.91106950013148,3.26453519115628,198,495
"174",1973,0.418181818181818,"BvB",1.53489375129318,1.45546888045848,1.61865283372924,1.57661496680633,0.0170408163383338,0.92631522328968,1.46,1.8922145951649,3.31021671834706,207,495
"175",1974,0.43030303030303,"BvB",1.49935087958143,1.42429149190318,1.57836585620384,1.55827605378218,0.0175306122570404,0.935038321796142,1.44993772543658,1.86666666666667,3.16037151710501,213,495
"176",1975,0.462626262626263,"BvB",1.47913401569058,1.40888791847967,1.55288253073661,1.53231502471374,0.0183673469514975,0.89468085106383,1.39092872570194,1.86046511627907,3.27859042994684,229,495
"177",1976,0.474747474747475,"BvB",1.43496970807049,1.36904306941675,1.504071061809,1.49452196904585,0.0186122449108508,0.868562997412801,1.33420365535248,1.85269824460822,3.14878892611803,235,495
"178",1977,0.509090909090909,"BvB",1.40925160620154,1.348060887911,1.47321987262695,1.41804668696481,0.0192653061357929,0.798815645940471,1.29925014557351,1.8334612254389,3.04914118020476,252,495
"179",1978,0.549494949494949,"BvB",1.37757771957149,1.32141830925284,1.43612386794672,1.39922775708629,0.0202244898099267,0.780433705001611,1.26685854602329,1.80368090202196,3.33815892813803,272,495
"180",1979,0.565656565656566,"BvB",1.36250458929302,1.3088967977309,1.4183079667265,1.37145586593238,0.0201224489935295,0.75437417654809,1.30186084473362,1.77625620201188,3.24543229124531,280,495
"181",1980,0.604040404040404,"BvB",1.35907340752765,1.30887574096452,1.41119624211821,1.3775410512207,0.0194693877685873,0.817906474889668,1.3040293040293,1.81155539251651,3.26558563939974,299,495
"182",1981,0.626262626262626,"BvB",1.3454157879763,1.29782280975718,1.39475406729409,1.38470979589083,0.0185918367475713,0.789325137937327,1.27860006682259,1.84883858042121,3.38789318617762,310,495
"183",1982,0.642424242424242,"BvB",1.30149115001179,1.25706859749935,1.34748351595816,1.3262234360301,0.0169795918484954,0.750566893424036,1.25917180819544,1.7909774681424,3.27966334373553,318,495
"184",1983,0.656565656565657,"BvB",1.29539240304705,1.25263877783979,1.33960524578829,1.33250068114824,0.0150408163369485,0.77,1.20874946457713,1.77011494252874,3.24213859151887,325,495
"185",1984,0.682828282828283,"BvB",1.26348567891492,1.22394169446539,1.30430727872245,1.27010336695271,0.0128367347027688,0.747800586449265,1.19434258078231,1.70892018779343,2.72660548532405,338,495
"186",1985,0.698989898989899,"BvB",1.22654893924239,1.18960238841148,1.26464297231745,1.22966092547059,0.0116530612325612,0.703363914373089,1.17211538461538,1.71951219512195,3.15958413664224,346,495
"187",1986,0.721212121212121,"BvB",1.22558488005079,1.19046873218508,1.26173687523241,1.23729235373121,0.0107346938849863,0.74536876296075,1.16015625,1.70178739414942,3.11830690920392,357,495
"188",1987,0.731313131313131,"BvB",1.22384106094107,1.18978968799502,1.25886697250617,1.23783467497979,0.0105918367420302,0.705969108446326,1.18200655933691,1.71455069046617,3.11494252880011,362,495
"189",1988,0.741414141414141,"BvB",1.20529832136829,1.17276879965076,1.23873012645444,1.22157642369512,0.007796875,0.691207349081365,1.14453125,1.66296903742852,3.03575245432728,367,495
"190",1989,0.743434343434343,"BvB",1.15072315935225,1.12015555508335,1.18212491422327,1.16595989278839,0.00985714286397031,0.666249847690995,1.08372859950025,1.63292720370945,2.98321780122396,368,495
"191",1990,0.77979797979798,"BvB",1.12581521149594,1.09845190733184,1.15386015716821,1.13968558050507,0.00965306123117589,0.621621621671523,1.03302101409214,1.60052219321149,2.84812869324401,386,495
"192",1991,0.8,"BvB",1.09184200702227,1.06681084772245,1.11746048593666,1.09983565619637,0.00948979592494036,0.631974921630094,1.01259259991766,1.57543766578249,2.95785440619149,396,495
"193",1992,0.812121212121212,"BvB",1.05779846512522,1.03452029137013,1.08160043080386,1.06071524908641,0.00132075471698113,0.626349892008639,0.99822628926438,1.57046979865772,2.95191765551669,402,495
"194",1993,0.83030303030303,"BvB",0.9984248099397,0.977731115452767,1.01955648679699,0.993894814828948,0.000943396226415094,0.58320400245048,0.957989056366888,1.54700133319911,2.88833789062864,411,495
"195",1994,0.836363636363636,"BvB",0.96294545060879,0.94351384148546,0.982777252518405,0.956879337106601,0.000754716981132075,0.528409090909091,0.928174603174603,1.50173010380623,2.83304094655057,414,495
"196",1995,0.878787878787879,"BvB",0.961025224155405,0.944470713217073,0.977869899551536,0.956996300075265,0.000754716981132075,0.569307762875187,0.950194362270357,1.53198374551108,2.79693486595828,435,495
"197",1996,0.892929292929293,"BvB",0.954089939684998,0.938743816583562,0.969686933673767,0.950297305201425,0.0030188679245283,0.571063829787234,0.903215114719949,1.52347142512112,2.94059405927317,442,495
"198",1997,0.898989898989899,"BvB",0.939781351226892,0.925188280119964,0.954604600048895,0.938436653176623,0.00245283018867925,0.541333333333333,0.915708812260536,1.48457350272232,2.89242053798793,445,495
"199",1998,0.931313131313131,"BvB",0.914973103523114,0.903313500744457,0.926783203705877,0.917707791525402,0.00584905660377358,0.52752880921895,0.892035398230088,1.41153846153846,2.71563330252498,461,495
"200",1999,0.953535353535354,"BvB",0.909858945568516,0.90035249876645,0.919465766980443,0.91169354206683,0.00339622641509434,0.540027434075344,0.911109693150473,1.40562397372742,2.62888052678305,472,495
"201",2000,0.957575757575758,"BvB",0.913401121819884,0.904302973986964,0.922590805671562,0.912856331949136,0.00169811320754717,0.52,0.932262663404259,1.39830508474576,2.66420085361352,474,495
"202",2001,0.95959595959596,"BvB",0.909600253959626,0.90077430842748,0.918512677662616,0.910024781867271,0.00283018867924528,0.530248622005573,0.941656757252226,1.39285714285714,2.62329874619104,475,495
"203",2002,0.961616161616162,"BvB",0.927340940428698,0.918589483453139,0.936175773058534,0.923708948769454,0.00226415094339623,0.560552603613177,0.928617326448652,1.41911350506774,2.67986607989385,476,495
"204",2003,0.963636363636364,"BvB",0.91668542777302,0.908271348634333,0.925177453582444,0.913742352504052,0.00113207547169811,0.529999999951344,0.93953488372093,1.44774193548387,2.75247524740047,477,495
"205",2004,0.96969696969697,"BvB",0.905955667285417,0.898363480238723,0.913612016895951,0.898499156191314,0.00358490566037736,0.528300415800416,0.885071701112234,1.44337396695157,2.71576424307536,480,495
"206",2005,0.955555555555556,"BvB",0.894804897171534,0.885724041125022,0.903978854390317,0.89534086379637,0.00395488721804511,0.492063492063492,0.884,1.45289256198347,2.72864701427811,473,495
"207",2006,0.94949494949495,"BvB",0.908426500118511,0.898577958579571,0.918382983065893,0.910365543564893,0.011187969924812,0.534640522875817,0.910668516837761,1.50843373493976,2.73631210980057,470,495
"208",2007,0.943434343434343,"BvB",0.91103879537959,0.900540589174456,0.921659386222186,0.918146340793189,0.0109172932330827,0.503059581320451,0.887128712871287,1.44583739045764,2.73631210980057,467,495
"209",2008,0.876767676767677,"BvB",0.924438105190716,0.908622743768739,0.94052874659949,0.95098247089617,0.00893233082706767,0.503055947338954,0.942839342083402,1.46153846153846,2.84202569908191,434,495
"210",2009,0.852525252525253,"BvB",0.948327989868816,0.930423822689021,0.966576687352528,0.980039399412394,0.018515625,0.53329307200944,0.972570658156342,1.53014553014553,3.01760268207871,422,495
"211",2010,0.797979797979798,"BvB",0.940572234069045,0.919520169680486,0.962106277461038,0.94691636258177,0.020390625,0.540007010903374,0.917460317460317,1.46455315317752,2.6232413614617,395,495
"212",2011,0.753535353535354,"BvB",0.942488191165202,0.918818029774853,0.966768132209507,0.961351143135052,0.023203125,0.514851485148515,0.96551724137931,1.46238478826883,2.63794406643507,373,495
"213",2012,0.654545454545455,"BvB",0.938735703324424,0.910122633443638,0.968248330844937,0.95449264043404,0.024296875,0.516001667708985,0.97742823088503,1.47462990774512,2.40402396566053,324,495
"214",2013,0.602020202020202,"BvB",0.954435884833806,0.92228537486534,0.987707149093083,0.962802451471757,0.0234982332155477,0.487248322147651,0.989343517003092,1.49038461538462,2.45096446150327,298,495
"215",2014,0.478787878787879,"BvB",0.969096441955845,0.930020391016021,1.00981432545311,0.967412019434312,0.0219434628975265,0.503448275862069,1.03930131004367,1.49295774647887,2.74937133256061,237,495
"216",2015,0.387878787878788,"BvB",1.01581198578909,0.968747372405715,1.06516313733095,1.05485020147287,0.0868852459016393,0.654364827731981,1.18690012277799,1.57400846798583,2.44798321396789,192,495
"217",2016,0.181818181818182,"BvB",1.02055657171271,0.957892908587726,1.08731958106005,0.994297884638018,0.0734426229508197,0.497584541062802,1.08806169883082,1.57004830917874,2,90,495
"218",2017,0.119191919191919,"BvB",1.06307001372128,0.984179245442431,1.14828458261719,1.10696548009123,0.144804088586031,0.619028941355674,1.11612903225806,1.60424430641822,2,59,495
"219",2018,0.0383838383838384,"BvB",1.1277468503313,1.01563634140994,1.2522326216356,1.31207671557741,0.373782771535581,0.77876400707726,1.06764168190128,1.30617860851506,2,19,495
